image,label
test001_1.jpg,B9140BCD
test001_2.jpg,B2407UZO
test001_3.jpg,B2642PKM
test002_1.jpg,BG1352AE
test003_1.jpg,B2634UZF
test003_2.jpg,B1995JVK
test004_1.jpg,B9062VEH
test005_1.jpg,DD3798KM
test006_1.jpg,T1329KC
test007_1.jpg,AD8865EE 
test008_1.jpg,DK1157AAB
test008_2.jpg,AA1997FE
test009_1.jpg,H8518NA
test009_2.jpg,K1649GB
test010_1.jpg,B9416PCN
test010_2.jpg,H1147UY
test011_1.jpg,H1691IL
test011_2.jpg,B9374RI
test011_3.jpg,D1204AIG
test012_1.jpg,E1887BA
test013_1.jpg,B1439UZP
test013_2.jpg,B1128W0S
test014_1.jpg,B1388DFX
test015_1.jpg,AD1898BT
test016_1.jpg,E1517DQ
test017_1.jpg,AD8982FS
test018_1.jpg,L7603UA
test019_1.jpg,AD7HS
test019_2.jpg,B1959WYK
test020_1.jpg,AG8634EK
test020_2.jpg,AD1329PY
test021_1.jpg,BA1709DW
test021_2.jpg,W1236VZ
test022_1.jpg,W1825OZ
test022_2.jpg,L1202UE
test022_3.jpg,L3823IB
test023_1.jpg,B1730JLO
test024_1.jpg,B2964TRU
test025_1.jpg,S5585LP
test025_2.jpg,L2858RR
test025_3.jpg,W1185ZO
test025_4.jpg,9840VU
test026_1.jpg,N9652DF
test026_2.jpg,L3836ZX
test027_1.jpg,N1905IG
test027_2.jpg,B1109CLR
test027_3.jpg,L1840AA
test028_1.jpg,L1438EO
test028_2.jpg,1436AAA
test029_1.jpg,W1518WF
test029_2.jpg,G1986N
test029_3.jpg,L1588OO
test029_4.jpg,L1436AAA
test030_1.jpg,S8062NF
test030_2.jpg,G1894TE
test031_1.jpg,L1560JQ
test031_2.jpg,L1568Q0
test031_3.jpg,L1932AAZ
test032_1.jpg,B2754SKY
test032_2.jpg,W1192K
test033_1.jpg,L4561VK
test033_2.jpg,L2693GA
test033_3.jpg,W9847G
test033_4.jpg,L1762ABJ
test034_1.jpg,L1811SU
test034_2.jpg,W1167V0
test034_3.jpg,S61310CF
test034_4.jpg,L2570AAD
test035_1.jpg,L9643NN
test035_2.jpg,L5247GI
test035_3.jpg,L2498AAM
test035_4.jpg,W1696YO
test036_1.jpg,B1231JJA
test036_2.jpg,B1618UAE
test037_1.jpg,L1775V0
test037_2.jpg,L300RX
test037_3.jpg,L1879VG
test038_1.jpg,D1523YCN
test038_2.jpg,L1877ACU
test039_1.jpg,L1069VK
test040_1.jpg,S1595LL
test041_1.jpg,B1231JJA
test042_1.jpg,AD1174SF
test043_1.jpg,W1898YW
test043_2.jpg,W1470PG
test044_1.jpg,L1930KF
test044_2.jpg,N1004HE
test045_1.jpg,S1347LJ
test046_1.jpg,L1470ABK
test046_2.jpg,L1265MX
test047_1.jpg,N1524SY
test047_2.jpg,L1678ACE
test048_1.jpg,L9316BC
test048_2.jpg,W1838AY
test049_1.jpg,N1376DE
test049_2.jpg,N79AP
test050_1.jpg,L1265OF
test050_2.jpg,N1095G